Country,Value
Japan,38.17506374
Norway,66.20363166
Germany,75.60851709
Vietnam,128.2337724
France,186.4357614
China,350.5767681
Thailand,563.3733958
United States,630.1492176