Year,Value
2011,53.64235
2012,70.92908
2013,86.21072
2014,192.95492
2015,197.40536
2016,101.99562
2017,261.09533
2018,271.14045